,gdpPercap_1952,gdpPercap_1957,gdpPercap_1962,gdpPercap_1967,gdpPercap_1972,gdpPercap_1977,gdpPercap_1982,gdpPercap_1987,gdpPercap_1992,gdpPercap_1997,gdpPercap_2002,gdpPercap_2007
0.0,36916.8541998,46110.918793000004,56850.065437000005,71324.848786,88569.34689799999,104459.358438,113553.76850699997,119649.59940900002,92380.047256,103772.93759799999,118590.92986300001,149577.35792799995
0.3333333333333333,16790.046878,20942.4568,25744.935320999997,33567.667669999995,45277.839975999996,53860.45675,59679.63402,64436.91296,67918.09322,80876.05158,102086.79521,122803.72952
0.5,11807.544405,14505.00015,18380.44947,21421.8462,25377.72738,29056.14537,31914.71205,35517.67822,36310.666079999995,40723.538700000005,45564.30838999999,51403.028210000004
1.0,104317.27756,127332.008735,149989.154201,178000.35004,215162.34313999998,241143.41272999998,263388.78196000005,296825.13120999996,315238.23597000004,346930.92617000005,385109.93921,427850.33342000004
